{
  "residuals": {
    "mean": 0.37018124642163003,
    "median": 0.433705759695441,
    "std": 1.1261954165987105,
    "skew": -0.9913302638077872,
    "p5": -1.4847478754936925,
    "p25": -0.12040231013565628,
    "p75": 0.9809058459806543,
    "p95": 2.007938436386385
  },
  "bucket_metrics": {
    "very_low (<0.03)": {
      "n": 2562,
      "r2": -4.401,
      "mae": 0.01354,
      "acc": 0.7943
    },
    "low (0.03-0.07)": {
      "n": 1922,
      "r2": -6.0183,
      "mae": 0.02516,
      "acc": 0.3538
    },
    "medium (0.07-0.15)": {
      "n": 1756,
      "r2": -5.946,
      "mae": 0.05199,
      "acc": 0.2825
    },
    "high (>0.15)": {
      "n": 1632,
      "r2": 0.1671,
      "mae": 0.13529,
      "acc": 0.4761
    }
  },
  "confusion": {
    "cm": [
      [
        2035,
        467,
        59,
        1
      ],
      [
        1081,
        680,
        155,
        6
      ],
      [
        427,
        778,
        496,
        55
      ],
      [
        43,
        293,
        519,
        777
      ]
    ],
    "per_bucket_acc": [
      0.7943013270882123,
      0.3537981269510926,
      0.2824601366742597,
      0.47610294117647056
    ],
    "macro_acc": 0.4767
  },
  "val_pred_dist": {
    "p10": 0.00811,
    "p25": 0.01432,
    "p50": 0.03416,
    "p75": 0.07331,
    "p90": 0.1575,
    "p99": 0.42571,
    "mean": 0.06635,
    "std": 0.09633,
    "bucket_fracs": {
      "very_low (<0.03)": 0.4555,
      "low (0.03-0.07)": 0.2818,
      "medium (0.07-0.15)": 0.1561,
      "high (>0.15)": 0.1066
    }
  },
  "val_true_dist": {
    "p10": 0.00752,
    "p25": 0.02137,
    "p50": 0.0559,
    "p75": 0.12747,
    "p90": 0.25071,
    "p99": 0.77547,
    "mean": 0.10526,
    "std": 0.14478,
    "bucket_fracs": {
      "very_low (<0.03)": 0.3255,
      "low (0.03-0.07)": 0.2442,
      "medium (0.07-0.15)": 0.2231,
      "high (>0.15)": 0.2073
    }
  },
  "test_pred_dist": {
    "p10": 0.00949,
    "p25": 0.0209,
    "p50": 0.05547,
    "p75": 0.12951,
    "p90": 0.31302,
    "p99": 0.97284,
    "mean": 0.114,
    "std": 0.16163,
    "bucket_fracs": {
      "very_low (<0.03)": 0.3335,
      "low (0.03-0.07)": 0.2418,
      "medium (0.07-0.15)": 0.2054,
      "high (>0.15)": 0.2192
    }
  },
  "spatial": {
    "mae_mean": 0.9376,
    "mae_std": 0.5742,
    "mae_min": 0.0118,
    "mae_max": 7.8485,
    "n_geohashes": 1078,
    "worst_5": [
      [
        "qp09v3",
        7.8485
      ],
      [
        "qp03zy",
        4.7647
      ],
      [
        "qp091m",
        4.4162
      ],
      [
        "qp09vv",
        3.8696
      ],
      [
        "qp0d5c",
        3.8472
      ]
    ]
  },
  "temporal": {
    "by_hour": {
      "0": 0.5188,
      "1": 0.7052,
      "2": 0.7978,
      "3": null,
      "4": null,
      "5": null,
      "6": null,
      "7": null,
      "8": null,
      "9": null,
      "10": null,
      "11": null,
      "12": null,
      "13": null,
      "14": null,
      "15": null,
      "16": null,
      "17": null,
      "18": null,
      "19": null,
      "20": null,
      "21": null,
      "22": null,
      "23": null
    },
    "r2_min": 0.5188,
    "r2_max": 0.7978,
    "worst_hour": "0"
  },
  "feature_importance": [
    [
      "geohash_hour_te",
      867814.8
    ],
    [
      "demand_d48_rank_in_day",
      303712.0
    ],
    [
      "demand_d48_same_slot",
      167867.2
    ],
    [
      "demand_d48_gh_hour_mean",
      151577.1
    ],
    [
      "RoadType",
      101597.6
    ],
    [
      "demand_d48_geohash_mean",
      87111.3
    ],
    [
      "demand_d48_geohash_p10",
      73834.9
    ],
    [
      "demand_d48_nearby_slots",
      71485.4
    ],
    [
      "log_demand_d48_same_slot",
      59517.5
    ],
    [
      "demand_d48_velocity",
      34754.4
    ]
  ],
  "cold_start_count": 10
}