{
  "train_r2": 0.6590854623303728,
  "val_r2": 0.30162881971666367,
  "lgbm_oof_r2": 0.32936786693116016,
  "cat_oof_r2": 0.2764241939259302,
  "blend_oof_r2": 0.63368997187666,
  "blend_weight": 3.8163916471489756e-17,
  "blend_weights": {
    "lgbm": 3.8163916471489756e-17,
    "cat": 0.0,
    "et": 1.0,
    "xgb": 6.938893903907228e-18
  },
  "calibration": [
    1.0,
    0.0
  ],
  "et_oof_r2": 0.63368997187666,
  "xgb_oof_r2": 0.3134300722299679,
  "n_train": 69427,
  "n_val": 7872
}